H,b_re,b_dg,b_dp,sum_b,nobs
1,0.069206117434,0.139592364361,0.791859157347,1.000657639142,1117
2,0.151507142010,0.210736387215,0.638361294959,1.000604824184,1105
3,0.210828144316,0.231312400904,0.558095964112,1.000236509333,1093
4,0.277717028172,0.236856510119,0.485328333329,0.999901871620,1081
5,0.357744379346,0.233295233248,0.408258132615,0.999297745210,1069
6,0.398850026075,0.234746597622,0.365183873342,0.998780497039,1057
7,0.443777307102,0.229220084495,0.325376954619,0.998374346217,1045
8,0.513931069881,0.238978293471,0.245336089232,0.998245452584,1033
9,0.577413358522,0.225393527751,0.195611799793,0.998418686066,1021
10,0.619351757619,0.208591280349,0.171027303205,0.998970341173,1009
11,0.680734680968,0.214309993810,0.104138980950,0.999183655727,997
12,0.741936928893,0.237659909592,0.019694318314,0.999291156799,985
13,0.767377236974,0.257340856256,-0.025556561477,0.999161531753,973
14,0.777093207583,0.269941320897,-0.048017468446,0.999017060034,961
15,0.772027228953,0.280687029548,-0.053899859817,0.998814398684,949
16,0.769293512048,0.272511832944,-0.043448283916,0.998357061076,937
17,0.771230670022,0.261830987944,-0.035116193152,0.997945464814,925
18,0.814470391300,0.216837653298,-0.033916541739,0.997391502859,913
19,0.855818337690,0.166473469956,-0.025174624953,0.997117182692,901
20,0.875250181456,0.145593689756,-0.023832891831,0.997010979381,889
