H,b_re_VAR,b_dg_VAR,b_dp_VAR,sum_b_VAR,nobs
1,0.069206117434,0.139592364361,0.791859157347,1.000657639142,1117
2,0.146369418405,0.208976755329,0.644977511668,1.000323685402,1117
3,0.203426329054,0.256013920322,0.540593413849,1.000033663226,1117
4,0.249664952867,0.296513409983,0.453650881589,0.999829244438,1117
5,0.288589597398,0.331031142574,0.380041282201,0.999662022173,1117
6,0.321280142499,0.359948927908,0.318291536771,0.999520607178,1117
7,0.348661152356,0.384144524095,0.266596178750,0.999401855201,1117
8,0.371591615297,0.404408180515,0.223302624752,0.999302420564,1117
9,0.390797903754,0.421381994072,0.187039252459,0.999219150286,1117
10,0.406885291134,0.435599510843,0.156664600957,0.999149402934,1117
11,0.420360160803,0.447508121053,0.131222699770,0.999090981626,1117
12,0.431646746100,0.457482795796,0.109912505807,0.999042047703,1117
13,0.441100420457,0.465837611731,0.092063028348,0.999001060535,1117
14,0.449018845033,0.472835629831,0.077112254707,0.998966729572,1117
15,0.455651340073,0.478697189759,0.064589444028,0.998937973859,1117
16,0.461206736803,0.483606849022,0.054100302167,0.998913887992,1117
17,0.465859952916,0.487719193592,0.045314567094,0.998893713601,1117
18,0.469757499977,0.491163705110,0.037955610387,0.998876815474,1117
19,0.473022096489,0.494048837763,0.031791727302,0.998862661554,1117
20,0.475756531821,0.496465433086,0.026628841284,0.998850806191,1117
